G6,emparelhamento,canonical_time,solve_time,qtde_moves,resultado,max_depth
~?@c???????????????????????????????????????????????????????????????????????????????????????????????????????????????????????????????????????????????????????????????????????????????????????????????????????????????H@_O????C?_?cC?CA?G??K????QA?H?A??@?H??G@o??_G????CG@_??A??C???GP?O??O??_?_@C??AAa??_?????A?X??G????_A?@AC???_D?_G?????@G??O`???????A?QG_???O???K@O??????_?B__???@AA_??@??????@C???CH????G@@?CO?????CG???B?_????_S?O???G???O?@????I_???_??????R_???OG??_C?_??????_@_???a??????O`O@??????@??_?O_?C?????C?OA_O??????@?@?O?C_?????AOA???@?A?????????WE??O??????G??CCD???????T??C?_????????AA???`A??????AOC?A?G???????@?A?W??G??????@?GE?C?????????A_P???O????????@????GSC???????BD??C??????????CC?GO??G??????B???A??D????????O?OG?A_???????????E?a?O?????????__G?O@?????????`A?I?????????????E??C??E????????EC????@O??????????_CC@??A????????,[(49-81-None)-(23-62-None)-(20-75-None)-(16-84-None)-(13-88-None)-(58-4-None)-(46-97-None)-(56-10-None)-(93-1-None)-(34-89-None)-(27-77-None)-(52-9-None)-(33-66-None)-(22-96-None)-(28-85-None)-(79-2-None)-(26-60-None)-(45-61-None)-(78-6-None)-(37-69-None)-(40-98-None)-(17-72-None)-(12-91-None)-(51-18-None)-(30-87-None)-(29-55-None)-(39-65-None)-(38-67-None)-(25-76-None)-(73-0-None)-(35-83-None)-(63-8-None)-(47-54-None)-(48-80-None)-(24-92-None)-(32-99-None)-(86-15-None)-(43-53-None)-(42-64-None)-(31-94-None)-(41-68-None)-(74-7-None)-(14-90-None)-(57-3-None)-(11-70-None)-(44-82-None)-(71-5-None)-(21-59-None)-(19-95-None)-(36-50-None)],0.0006911754608154297,0.02376556396484375,1,True,0
~?@c???????????????????????????????????????????????????????????????????????????????????????????????????????????????????????????????????????????????????????????????????????????????????????????????????????????????H@_O????C?_?cC?CA?G??K????QA?H?A??@?H??G@o??_G????CG@_??A??C???GP?O??O??_?_@C??AAa??_?????A?X??G????_A?@AC???_D?_G?????@G??O`???????A?QG_???O???K@O??????_?B__???@AA_??@??????@C???CH????G@@?CO?????CG???B?_????_S?O???G???O?@????I_???_??????R_???OG??_C?_??????_@_???a??????O`O@??????@??_?O_?C?????C?OA_O??????@?@?O?C_?????AOA???@?A?????????WE??O??????G??CCD???????T??C?_????????AA???`A??????AOC?A?G???????@?A?W??G??????@?GE?C?????????A_P???O????????@????GSC???????BD??C??????????CC?GO??G??????B???A??D????????O?OG?A_???????????E?a?O?????????__G?O@?????????`A?I?????????????E??C??E????????EC????@O??????????_CC@??A????????,[(49-81-None)-(23-62-None)-(20-75-None)-(16-84-None)-(13-88-None)-(58-4-None)-(46-97-None)-(56-10-None)-(93-1-None)-(34-89-None)-(27-77-None)-(52-9-None)-(33-66-None)-(22-96-None)-(28-85-None)-(79-2-None)-(26-60-None)-(45-61-None)-(78-6-None)-(37-69-None)-(40-98-None)-(17-72-None)-(12-91-None)-(51-18-None)-(30-87-None)-(29-55-None)-(39-65-None)-(38-67-None)-(25-76-None)-(73-0-None)-(35-83-None)-(63-8-None)-(47-54-None)-(48-80-None)-(24-92-None)-(32-99-None)-(86-15-None)-(43-53-None)-(42-64-None)-(31-94-None)-(41-68-None)-(74-7-None)-(14-90-None)-(57-3-None)-(11-70-None)-(44-82-None)-(71-5-None)-(21-59-None)-(19-95-None)-(36-50-None)],0.0006573200225830078,0.02288818359375,1,True,0
~?@c????????????????????????????????????????????????????????????????????????????????????????????????????????????????????????????????????????????????????????????????????????????????????????????????????????????@?C?G@_?A@A?O???GOI????K??_?@?a?_?CA@GO????@_?O??H???O@??@?OO??AC?O??O_??@??`?D??G?_??g?O??A?BCA?????g??@??_C??@???AA_C???_?A?AOA???@_?G??P????G?A?_A?A??A???C?IG???A?O@?@??G???A?@?GC?A?????C@cO?????C??g?@??_???@?@??A@?_???_??P?c???????H?C_?A???????K??OGO??????_???CPA??????GI??@?O?????C?Q?G?O?????C?Ca??@??????G?C??OG_??????A??C?@H?????G?`O????_?????C???CO_G?????A@O??C?@???????D@CA??????????OC__?C????????GG?@A?@???????AGO??@?A????????_?PCA?????????_??g_?A???????A?@B??A?????????A??GC_G???????_O?C???`???????@??AGOG??????????c??G?I???????????D??HO????????cA????O_?????????GC?C_?A?????????q?OA????????????G?OG?C?O????????,[(25-90-None)-(87-7-None)-(31-69-None)-(95-20-None)-(45-77-None)-(12-83-None)-(96-0-None)-(70-15-None)-(23-92-None)-(38-53-None)-(32-67-None)-(33-72-None)-(27-98-None)-(62-4-None)-(41-94-None)-(49-80-None)-(40-71-None)-(78-6-None)-(86-13-None)-(17-54-None)-(65-36-None)-(56-3-None)-(46-99-None)-(28-60-None)-(82-34-None)-(11-59-None)-(35-50-None)-(43-63-None)-(64-37-None)-(47-91-None)-(66-1-None)-(42-74-None)-(16-55-None)-(19-81-None)-(76-14-None)-(48-68-None)-(57-10-None)-(26-89-None)-(18-79-None)-(29-88-None)-(21-84-None)-(97-30-None)-(93-5-None)-(75-9-None)-(44-58-None)-(2-61-None)-(39-52-None)-(22-51-None)-(73-8-None)-(24-85-None)],0.0006120204925537109,0.11444783210754395,4,True,0
~?@c????????????????????????????????????????????????????????????????????????????????????????????????????????????????????????????????????????????????????????????????????????????????????????????????????????????@?C?G@_?A@A?O???GOI????K??_?@?a?_?CA@GO????@_?O??H???O@??@?OO??AC?O??O_??@??`?D??G?_??g?O??A?BCA?????g??@??_C??@???AA_C???_?A?AOA???@_?G??P????G?A?_A?A??A???C?IG???A?O@?@??G???A?@?GC?A?????C@cO?????C??g?@??_???@?@??A@?_???_??P?c???????H?C_?A???????K??OGO??????_???CPA??????GI??@?O?????C?Q?G?O?????C?Ca??@??????G?C??OG_??????A??C?@H?????G?`O????_?????C???CO_G?????A@O??C?@???????D@CA??????????OC__?C????????GG?@A?@???????AGO??@?A????????_?PCA?????????_??g_?A???????A?@B??A?????????A??GC_G???????_O?C???`???????@??AGOG??????????c??G?I???????????D??HO????????cA????O_?????????GC?C_?A?????????q?OA????????????G?OG?C?O????????,[(25-90-None)-(87-7-None)-(31-69-None)-(95-20-None)-(45-77-None)-(12-83-None)-(96-0-None)-(70-15-None)-(23-92-None)-(38-53-None)-(32-67-None)-(33-72-None)-(27-98-None)-(62-4-None)-(41-94-None)-(49-80-None)-(40-71-None)-(78-6-None)-(86-13-None)-(17-54-None)-(65-36-None)-(56-3-None)-(46-99-None)-(28-60-None)-(82-34-None)-(11-59-None)-(35-50-None)-(43-63-None)-(64-37-None)-(47-91-None)-(66-1-None)-(42-74-None)-(16-55-None)-(19-81-None)-(76-14-None)-(48-68-None)-(57-10-None)-(26-89-None)-(18-79-None)-(29-88-None)-(21-84-None)-(97-30-None)-(93-5-None)-(75-9-None)-(44-58-None)-(2-61-None)-(39-52-None)-(22-51-None)-(73-8-None)-(24-85-None)],0.0007009506225585938,0.10940313339233398,4,True,0
~?@c??????????????????????????????????????????????????????????????????????????????????????????????????????????????????????????????????????????????????????????????????????????????????????????????????????????????A_W?A??DO??OA?????A@?AE@??G?C_@??@@D??G????`?c?_??@??X?_???????A??K_O??GCAA?G??G?C@a??????a_?@?G???@?_??GC?O?C???@_?g??C????CCGC???CC_O?_??????a?_O?G??@?I??_?@????C??HQ?????ACG???D?????g@????@@????W?A?@??A???AA?a??G??????Oa?A??C???????W??WG????A?C?Q???_?????_CA???E??????@???Ig?????_???OGE??????C?????BW?????AA??CGO???????b?@???G?????E??S????_?????G_??@K???????B???Aa??????????P@?O?@??????g???G?AO????????GG?@??o?????CO?G???P????????@CAA??_????????A??@B?O??????A@?_C??_???????A_????P?A???????CG?G?GO?????????@???c?Q????????O?P?C??_????????H?C?@??O??????????K?g?C?????????OACG@??????????????oGOO?????????F??G?_??????????,[(21-71-None)-(14-59-None)-(15-88-None)-(97-26-None)-(85-0-None)-(66-2-None)-(34-86-None)-(27-74-None)-(90-8-None)-(53-1-None)-(95-7-None)-(98-36-None)-(37-51-None)-(78-6-None)-(48-81-None)-(29-83-None)-(89-12-None)-(64-25-None)-(30-63-None)-(61-5-None)-(58-18-None)-(28-72-None)-(41-69-None)-(22-92-None)-(70-32-None)-(33-65-None)-(40-52-None)-(39-50-None)-(42-77-None)-(4-87-None)-(3-91-None)-(76-17-None)-(46-80-None)-(31-67-None)-(16-94-None)-(19-56-None)-(93-11-None)-(47-84-None)-(75-9-None)-(24-55-None)-(45-96-None)-(43-62-None)-(10-68-None)-(23-99-None)-(49-57-None)-(44-73-None)-(38-60-None)-(20-54-None)-(35-82-None)-(13-79-None)],0.0006475448608398438,0.08350801467895508,3,True,0
~?@c??????????????????????????????????????????????????????????????????????????????????????????????????????????????????????????????????????????????????????????????????????????????????????????????????????????????A_W?A??DO??OA?????A@?AE@??G?C_@??@@D??G????`?c?_??@??X?_???????A??K_O??GCAA?G??G?C@a??????a_?@?G???@?_??GC?O?C???@_?g??C????CCGC???CC_O?_??????a?_O?G??@?I??_?@????C??HQ?????ACG???D?????g@????@@????W?A?@??A???AA?a??G??????Oa?A??C???????W??WG????A?C?Q???_?????_CA???E??????@???Ig?????_???OGE??????C?????BW?????AA??CGO???????b?@???G?????E??S????_?????G_??@K???????B???Aa??????????P@?O?@??????g???G?AO????????GG?@??o?????CO?G???P????????@CAA??_????????A??@B?O??????A@?_C??_???????A_????P?A???????CG?G?GO?????????@???c?Q????????O?P?C??_????????H?C?@??O??????????K?g?C?????????OACG@??????????????oGOO?????????F??G?_??????????,[(21-71-None)-(14-59-None)-(15-88-None)-(97-26-None)-(85-0-None)-(66-2-None)-(34-86-None)-(27-74-None)-(90-8-None)-(53-1-None)-(95-7-None)-(98-36-None)-(37-51-None)-(78-6-None)-(48-81-None)-(29-83-None)-(89-12-None)-(64-25-None)-(30-63-None)-(61-5-None)-(58-18-None)-(28-72-None)-(41-69-None)-(22-92-None)-(70-32-None)-(33-65-None)-(40-52-None)-(39-50-None)-(42-77-None)-(4-87-None)-(3-91-None)-(76-17-None)-(46-80-None)-(31-67-None)-(16-94-None)-(19-56-None)-(93-11-None)-(47-84-None)-(75-9-None)-(24-55-None)-(45-96-None)-(43-62-None)-(10-68-None)-(23-99-None)-(49-57-None)-(44-73-None)-(38-60-None)-(20-54-None)-(35-82-None)-(13-79-None)],0.0007076263427734375,0.058609724044799805,2,True,0
~?@c????????????????????????????????????????????????????????????????????????????????????????????????????????????????????????????????????????????????????????????????????????????????????????????????????????????G???Gg??G???BA?a?G????WQ????Ac??@_C?G??C??c????g?CA_?@OG??CO??H???AGG??????H@B????O??_?CE???C?GC?@G??@???g?AA??@_?_@A??????@?_?KC???C??o?I????@?GOAG?????C?H@????C????OgA??C????WA?G???@????OM?O??????@??C???OQ????C?QA?A??????aO_?C???????O?ICA??????A?A`????O???CO??H??G??????_?O?BC??????????C?s_??????_?_@?CA?????C@???C?o????BA?????K??????CG?O?B???????A??@SC?????????@O???GH??????GCO??C?_????????@OC`?????????GO?GO?@???????H??@G_????????@?AA??@G???????O_???AAC????????W_??A?_??????A?_??C?AG???????@?C?C??B????????@oO_??????????????_Ae?????????C???O@??o???????A?A?AOG?????????A?q?A?????????????g?A_??_???????C@@????OG????????,[(91-1-None)-(56-7-None)-(38-96-None)-(40-99-None)-(77-29-None)-(74-3-None)-(12-86-None)-(49-50-None)-(88-5-None)-(19-76-None)-(30-82-None)-(48-66-None)-(0-75-None)-(47-98-None)-(62-4-None)-(33-84-None)-(35-81-None)-(36-55-None)-(34-64-None)-(26-87-None)-(22-68-None)-(15-90-None)-(13-93-None)-(43-51-None)-(44-53-None)-(60-9-None)-(32-57-None)-(27-85-None)-(72-10-None)-(46-83-None)-(39-71-None)-(54-11-None)-(18-70-None)-(63-14-None)-(20-73-None)-(21-78-None)-(16-97-None)-(28-65-None)-(31-94-None)-(42-67-None)-(58-23-None)-(24-61-None)-(79-6-None)-(41-80-None)-(25-69-None)-(17-92-None)-(8-89-None)-(95-2-None)-(37-52-None)-(45-59-None)],0.00090789794921875,0.0901789665222168,3,True,0
~?@c????????????????????????????????????????????????????????????????????????????????????????????????????????????????????????????????????????????????????????????????????????????????????????????????????????????G???Gg??G???BA?a?G????WQ????Ac??@_C?G??C??c????g?CA_?@OG??CO??H???AGG??????H@B????O??_?CE???C?GC?@G??@???g?AA??@_?_@A??????@?_?KC???C??o?I????@?GOAG?????C?H@????C????OgA??C????WA?G???@????OM?O??????@??C???OQ????C?QA?A??????aO_?C???????O?ICA??????A?A`????O???CO??H??G??????_?O?BC??????????C?s_??????_?_@?CA?????C@???C?o????BA?????K??????CG?O?B???????A??@SC?????????@O???GH??????GCO??C?_????????@OC`?????????GO?GO?@???????H??@G_????????@?AA??@G???????O_???AAC????????W_??A?_??????A?_??C?AG???????@?C?C??B????????@oO_??????????????_Ae?????????C???O@??o???????A?A?AOG?????????A?q?A?????????????g?A_??_???????C@@????OG????????,[(91-1-None)-(56-7-None)-(38-96-None)-(40-99-None)-(77-29-None)-(74-3-None)-(12-86-None)-(49-50-None)-(88-5-None)-(19-76-None)-(30-82-None)-(48-66-None)-(0-75-None)-(47-98-None)-(62-4-None)-(33-84-None)-(35-81-None)-(36-55-None)-(34-64-None)-(26-87-None)-(22-68-None)-(15-90-None)-(13-93-None)-(43-51-None)-(44-53-None)-(60-9-None)-(32-57-None)-(27-85-None)-(72-10-None)-(46-83-None)-(39-71-None)-(54-11-None)-(18-70-None)-(63-14-None)-(20-73-None)-(21-78-None)-(16-97-None)-(28-65-None)-(31-94-None)-(42-67-None)-(58-23-None)-(24-61-None)-(79-6-None)-(41-80-None)-(25-69-None)-(17-92-None)-(8-89-None)-(95-2-None)-(37-52-None)-(45-59-None)],0.0005908012390136719,0.035395145416259766,1,True,0
~?@c?????????????????????????????????????????????????????????????????????????????????????????????????????????????????????????????????????????????????????????????????????????????????????????????????????????????IG??G??O??WCO?A?G????AEG???CG@O?O??AG???OK?H??H???G??S?@B????C?_??`_??A??_?OCG??G@??O?`?????QC?A?A??C??@@W????G?C???Go?????Ao?A?A???@@?C?OO???????_Pa????O??O_O_?????@`A??G???B?@????@O???????C?CT????G_@??CG????O??G@?O@????G@_????A_???DO?_G???????H??OA??C??????CS??g??????Ge?_?????????WI????A???????OA?gG???????C?C_?@?A????????c?_?D?????_O??_C??O?????@__C??O?????????@CC`????????o?????cO??????GC??AC?_??????CG?`O????????????AOD?_??????I???G?H????????A??@C?`??????????aO?A?O???????G?@?G?@O???????gGg?????????????@?D@_???????????CO?@?@G?????????CGOS??????????@G?G???g????????Co??OC??????????O??a?@??O???????C?H??A?_?????????,[(33-97-None)-(38-87-None)-(48-85-None)-(45-68-None)-(55-8-None)-(26-88-None)-(41-58-None)-(78-10-None)-(7-84-None)-(60-13-None)-(32-61-None)-(94-12-None)-(98-0-None)-(43-64-None)-(27-74-None)-(25-56-None)-(14-92-None)-(62-1-None)-(40-59-None)-(31-50-None)-(22-53-None)-(72-2-None)-(34-52-None)-(39-66-None)-(24-81-None)-(49-80-None)-(44-96-None)-(11-99-None)-(17-54-None)-(28-51-None)-(29-89-None)-(36-70-None)-(42-65-None)-(37-90-None)-(46-71-None)-(35-83-None)-(18-73-None)-(82-15-None)-(21-63-None)-(67-20-None)-(47-69-None)-(91-5-None)-(4-77-None)-(23-93-None)-(9-76-None)-(79-6-None)-(57-3-None)-(30-86-None)-(16-75-None)-(19-95-None)],0.0006606578826904297,0.10969209671020508,4,True,0
~?@c?????????????????????????????????????????????????????????????????????????????????????????????????????????????????????????????????????????????????????????????????????????????????????????????????????????????IG??G??O??WCO?A?G????AEG???CG@O?O??AG???OK?H??H???G??S?@B????C?_??`_??A??_?OCG??G@??O?`?????QC?A?A??C??@@W????G?C???Go?????Ao?A?A???@@?C?OO???????_Pa????O??O_O_?????@`A??G???B?@????@O???????C?CT????G_@??CG????O??G@?O@????G@_????A_???DO?_G???????H??OA??C??????CS??g??????Ge?_?????????WI????A???????OA?gG???????C?C_?@?A????????c?_?D?????_O??_C??O?????@__C??O?????????@CC`????????o?????cO??????GC??AC?_??????CG?`O????????????AOD?_??????I???G?H????????A??@C?`??????????aO?A?O???????G?@?G?@O???????gGg?????????????@?D@_???????????CO?@?@G?????????CGOS??????????@G?G???g????????Co??OC??????????O??a?@??O???????C?H??A?_?????????,[(33-97-None)-(38-87-None)-(48-85-None)-(45-68-None)-(55-8-None)-(26-88-None)-(41-58-None)-(78-10-None)-(7-84-None)-(60-13-None)-(32-61-None)-(94-12-None)-(98-0-None)-(43-64-None)-(27-74-None)-(25-56-None)-(14-92-None)-(62-1-None)-(40-59-None)-(31-50-None)-(22-53-None)-(72-2-None)-(34-52-None)-(39-66-None)-(24-81-None)-(49-80-None)-(44-96-None)-(11-99-None)-(17-54-None)-(28-51-None)-(29-89-None)-(36-70-None)-(42-65-None)-(37-90-None)-(46-71-None)-(35-83-None)-(18-73-None)-(82-15-None)-(21-63-None)-(67-20-None)-(47-69-None)-(91-5-None)-(4-77-None)-(23-93-None)-(9-76-None)-(79-6-None)-(57-3-None)-(30-86-None)-(16-75-None)-(19-95-None)],0.0006897449493408203,0.037070512771606445,1,True,0
~?@c?????????????????????????????????????????????????????????????????????????????????????????????????????????????????????????????????????????????????????????????????????????????????????????????????????????????_a???o??C?`C?A??_????E@G?GG?AO??G?A?_@?CC??_???GG?K????SS?O????o??GAA?C?_??C@O??????@?CK_?`????O?B????W??W??_???CAD??_??@?????A_a???Ea????@????G??E?C_???C?H?A?O????QG@?O???????AG???O`????G??w?A?????@??X??C????C?@G?AO?????O???@_K?????PA?_G????????G?s??C?????@_??OC??C??????Si????????A??G??C?B????B??C??W???????HG?A?A??????A?G?O?W??????????AOGo???????_?a_???C??????O?P@?C?????????P?C?C_??????Ac???C?A??????C???GA?a???????oG????E???????OSW????????????O?g??GG?????????K??@?A_???????????IG@G??????@A?_?O?C??????????_?C_?CO???????O?AC?O?_????????A?__??W?????????G?O_O?A????????@??OA?OO?????????G??g?O?G????????@?Gg@???????????,[(27-53-None)-(22-75-None)-(34-80-None)-(24-51-None)-(52-0-None)-(45-86-None)-(46-57-None)-(15-54-None)-(29-56-None)-(2-63-None)-(90-11-None)-(42-84-None)-(26-69-None)-(98-36-None)-(73-10-None)-(49-77-None)-(38-83-None)-(43-97-None)-(87-3-None)-(47-64-None)-(16-89-None)-(23-70-None)-(96-8-None)-(37-81-None)-(93-12-None)-(44-65-None)-(30-72-None)-(14-88-None)-(50-35-None)-(39-68-None)-(25-79-None)-(82-21-None)-(18-76-None)-(20-67-None)-(32-99-None)-(5-60-None)-(6-92-None)-(94-4-None)-(9-58-None)-(61-13-None)-(41-62-None)-(31-91-None)-(19-71-None)-(74-7-None)-(59-28-None)-(48-55-None)-(17-95-None)-(33-85-None)-(40-66-None)-(78-1-None)],0.0005993843078613281,0.10899615287780762,4,True,0
~?@c?????????????????????????????????????????????????????????????????????????????????????????????????????????????????????????????????????????????????????????????????????????????????????????????????????????????_a???o??C?`C?A??_????E@G?GG?AO??G?A?_@?CC??_???GG?K????SS?O????o??GAA?C?_??C@O??????@?CK_?`????O?B????W??W??_???CAD??_??@?????A_a???Ea????@????G??E?C_???C?H?A?O????QG@?O???????AG???O`????G??w?A?????@??X??C????C?@G?AO?????O???@_K?????PA?_G????????G?s??C?????@_??OC??C??????Si????????A??G??C?B????B??C??W???????HG?A?A??????A?G?O?W??????????AOGo???????_?a_???C??????O?P@?C?????????P?C?C_??????Ac???C?A??????C???GA?a???????oG????E???????OSW????????????O?g??GG?????????K??@?A_???????????IG@G??????@A?_?O?C??????????_?C_?CO???????O?AC?O?_????????A?__??W?????????G?O_O?A????????@??OA?OO?????????G??g?O?G????????@?Gg@???????????,[(27-53-None)-(22-75-None)-(34-80-None)-(24-51-None)-(52-0-None)-(45-86-None)-(46-57-None)-(15-54-None)-(29-56-None)-(2-63-None)-(90-11-None)-(42-84-None)-(26-69-None)-(98-36-None)-(73-10-None)-(49-77-None)-(38-83-None)-(43-97-None)-(87-3-None)-(47-64-None)-(16-89-None)-(23-70-None)-(96-8-None)-(37-81-None)-(93-12-None)-(44-65-None)-(30-72-None)-(14-88-None)-(50-35-None)-(39-68-None)-(25-79-None)-(82-21-None)-(18-76-None)-(20-67-None)-(32-99-None)-(5-60-None)-(6-92-None)-(94-4-None)-(9-58-None)-(61-13-None)-(41-62-None)-(31-91-None)-(19-71-None)-(74-7-None)-(59-28-None)-(48-55-None)-(17-95-None)-(33-85-None)-(40-66-None)-(78-1-None)],0.0006606578826904297,0.0397181510925293,1,True,0
~?@c????????????????????????????????????????????????????????????????????????????????????????????????????????????????????????????????????????????????????????????????????????????????????????????????????????????A????CAo??@@?G?c??_CW??A??_@A?A??O??C?G_?ACA_GOG?????????a??T??CC?@@O???BC?AA?????_B?@??G??dO?????@??G@??GE???????GG_?a??A?AC???`???G_A?O?@????C?C???@a????OAO??@C???AA??_O?_????WCA??O?????C?H???a????OC?AA??A???GD?@?@??????O?K?C?A???????S??Cg???????_g?C_????????C?``??????AG???@AA?????C?G?I?C?????????GAACA??????C?????{??????g_?@@????????_??o_G???????A?OK?C??????????`??OW???????@?AB???_?????G@?CGC????????@?GS??O???????C????oGA?????????G??gGA??????A@??O?C?C??????@_??CG??G???????C@C??OO???????????O@_O@???????_E???C?G????????_?GOOA?????????O?O??@W????????????KG??I????????QK????@?????????@_?A??@?G????????C?AD?@??????????,[(47-56-None)-(38-81-None)-(20-69-None)-(77-5-None)-(34-71-None)-(42-51-None)-(29-84-None)-(7-60-None)-(50-3-None)-(41-64-None)-(21-89-None)-(44-66-None)-(36-86-None)-(90-2-None)-(88-14-None)-(15-72-None)-(35-87-None)-(73-13-None)-(8-97-None)-(63-1-None)-(46-96-None)-(62-19-None)-(45-67-None)-(91-6-None)-(26-99-None)-(49-98-None)-(25-58-None)-(16-55-None)-(40-52-None)-(48-65-None)-(95-0-None)-(39-68-None)-(31-70-None)-(10-93-None)-(82-24-None)-(27-54-None)-(28-59-None)-(30-53-None)-(78-23-None)-(37-80-None)-(11-61-None)-(17-74-None)-(76-4-None)-(22-94-None)-(75-18-None)-(57-9-None)-(79-12-None)-(33-85-None)-(43-83-None)-(32-92-None)],0.0006501674652099609,0.08388376235961914,3,True,0
~?@c????????????????????????????????????????????????????????????????????????????????????????????????????????????????????????????????????????????????????????????????????????????????????????????????????????????A????CAo??@@?G?c??_CW??A??_@A?A??O??C?G_?ACA_GOG?????????a??T??CC?@@O???BC?AA?????_B?@??G??dO?????@??G@??GE???????GG_?a??A?AC???`???G_A?O?@????C?C???@a????OAO??@C???AA??_O?_????WCA??O?????C?H???a????OC?AA??A???GD?@?@??????O?K?C?A???????S??Cg???????_g?C_????????C?``??????AG???@AA?????C?G?I?C?????????GAACA??????C?????{??????g_?@@????????_??o_G???????A?OK?C??????????`??OW???????@?AB???_?????G@?CGC????????@?GS??O???????C????oGA?????????G??gGA??????A@??O?C?C??????@_??CG??G???????C@C??OO???????????O@_O@???????_E???C?G????????_?GOOA?????????O?O??@W????????????KG??I????????QK????@?????????@_?A??@?G????????C?AD?@??????????,[(47-56-None)-(38-81-None)-(20-69-None)-(77-5-None)-(34-71-None)-(42-51-None)-(29-84-None)-(7-60-None)-(50-3-None)-(41-64-None)-(21-89-None)-(44-66-None)-(36-86-None)-(90-2-None)-(88-14-None)-(15-72-None)-(35-87-None)-(73-13-None)-(8-97-None)-(63-1-None)-(46-96-None)-(62-19-None)-(45-67-None)-(91-6-None)-(26-99-None)-(49-98-None)-(25-58-None)-(16-55-None)-(40-52-None)-(48-65-None)-(95-0-None)-(39-68-None)-(31-70-None)-(10-93-None)-(82-24-None)-(27-54-None)-(28-59-None)-(30-53-None)-(78-23-None)-(37-80-None)-(11-61-None)-(17-74-None)-(76-4-None)-(22-94-None)-(75-18-None)-(57-9-None)-(79-12-None)-(33-85-None)-(43-83-None)-(32-92-None)],0.0006434917449951172,0.05876755714416504,2,True,0
~?@c??????????????????????????????????????????????????????????????????????????????????????????????????????????????????????????????????????????????????????????????????????????????????????????????????????????????aG???A_G?__?_?O??O@C?G_AO?A?_?G?@??G???Go??N?@?????_G??AC_??@_??C_?A???_?OC?AG???a?O?G?O?C?BG?G??????G?H@_???C@`A???????E???O@C???O?O@O??@???_????GGP????_C??a@????OC?H?O?????@?_?GG?@???_??_@AA?????I??_?OA????AC?CGC??????@A?E?O?????????OA??Oo????@O_?GC?????????AAGP???????A??g`??????@_?BO????????A?A?O?__????C_?C??_G???????oO???A_?????O??I@?_???????CC?A?_C??????A?@????d??????O???_?CC_?????@?g??O?O??????L?????a????????O_C?a??????????G?C?GG?_?????????A?aG@????????OA?GCC????????OA??O?_C?????????HG_C?????????_?HG???G?????????Ag??a??????????O??a_?_?????????G?A??OB????????_@?G??S?????????HQ??????G???????????KC?AG????????,[(22-72-None)-(13-91-None)-(15-94-None)-(29-90-None)-(46-51-None)-(39-97-None)-(27-77-None)-(88-8-None)-(23-95-None)-(44-75-None)-(57-5-None)-(20-60-None)-(49-65-None)-(86-1-None)-(12-55-None)-(0-93-None)-(17-54-None)-(21-70-None)-(34-67-None)-(59-11-None)-(64-25-None)-(58-9-None)-(89-24-None)-(61-14-None)-(38-52-None)-(26-53-None)-(19-78-None)-(96-37-None)-(80-42-None)-(35-92-None)-(43-99-None)-(30-56-None)-(82-33-None)-(31-85-None)-(28-68-None)-(6-98-None)-(36-81-None)-(84-45-None)-(74-10-None)-(32-71-None)-(66-18-None)-(79-3-None)-(41-83-None)-(76-16-None)-(62-2-None)-(48-73-None)-(7-63-None)-(87-4-None)-(40-69-None)-(47-50-None)],0.0008063316345214844,0.03668379783630371,1,True,0
~?@c??????????????????????????????????????????????????????????????????????????????????????????????????????????????????????????????????????????????????????????????????????????????????????????????????????????????aG???A_G?__?_?O??O@C?G_AO?A?_?G?@??G???Go??N?@?????_G??AC_??@_??C_?A???_?OC?AG???a?O?G?O?C?BG?G??????G?H@_???C@`A???????E???O@C???O?O@O??@???_????GGP????_C??a@????OC?H?O?????@?_?GG?@???_??_@AA?????I??_?OA????AC?CGC??????@A?E?O?????????OA??Oo????@O_?GC?????????AAGP???????A??g`??????@_?BO????????A?A?O?__????C_?C??_G???????oO???A_?????O??I@?_???????CC?A?_C??????A?@????d??????O???_?CC_?????@?g??O?O??????L?????a????????O_C?a??????????G?C?GG?_?????????A?aG@????????OA?GCC????????OA??O?_C?????????HG_C?????????_?HG???G?????????Ag??a??????????O??a_?_?????????G?A??OB????????_@?G??S?????????HQ??????G???????????KC?AG????????,[(22-72-None)-(13-91-None)-(15-94-None)-(29-90-None)-(46-51-None)-(39-97-None)-(27-77-None)-(88-8-None)-(23-95-None)-(44-75-None)-(57-5-None)-(20-60-None)-(49-65-None)-(86-1-None)-(12-55-None)-(0-93-None)-(17-54-None)-(21-70-None)-(34-67-None)-(59-11-None)-(64-25-None)-(58-9-None)-(89-24-None)-(61-14-None)-(38-52-None)-(26-53-None)-(19-78-None)-(96-37-None)-(80-42-None)-(35-92-None)-(43-99-None)-(30-56-None)-(82-33-None)-(31-85-None)-(28-68-None)-(6-98-None)-(36-81-None)-(84-45-None)-(74-10-None)-(32-71-None)-(66-18-None)-(79-3-None)-(41-83-None)-(76-16-None)-(62-2-None)-(48-73-None)-(7-63-None)-(87-4-None)-(40-69-None)-(47-50-None)],0.0005888938903808594,0.08391118049621582,3,True,0
~?@c????????????????????????????????????????????????????????????????????????????????????????????????????????????????????????????????????????????????????????????????????????????????????????????????????????????EC?G???C?????CAQO?GO?G???o??A_K?O???O??GOW??O??A??AK??OC??p?????H?S?_??@?I?G???O?OA@@??C???O?A??k?????@g?C_???????@??EC_????@G?@CO??@?c?A???_????_??SGA????G_C?OA???A??A?_?g?????Gc?@A????????O?GAo????BO??@_?????O?A__??A????C?CO?B???????G?GG??g???????Aq?G??????a??A?W??????`??C_???_????@????C_K?????A_C??A?G?????_C??@??a????@??ABA????????R?G???@??????@G?OP??????????C?A@?A?G????????@@?O`??????E?O??O?O???????O@B???A???????AW??I?????????G_??AC?G????????O?O_?E???????C??@OC?G?????????_??QO?_??????@CA?_?A?????????A@??@?_G????????S?E??@?????????C?A?O?O?G?????????P_G?C??????????aA??P??????????O?G?A?@A?????????CC?A???Q????????,[(18-78-None)-(87-10-None)-(23-71-None)-(36-68-None)-(49-99-None)-(6-88-None)-(93-4-None)-(21-86-None)-(20-90-None)-(85-3-None)-(60-16-None)-(98-0-None)-(41-67-None)-(46-63-None)-(12-92-None)-(73-8-None)-(38-59-None)-(35-75-None)-(19-94-None)-(40-65-None)-(14-61-None)-(51-43-None)-(7-77-None)-(62-22-None)-(44-50-None)-(91-9-None)-(45-79-None)-(97-31-None)-(25-55-None)-(72-15-None)-(5-76-None)-(39-53-None)-(81-1-None)-(96-17-None)-(24-74-None)-(42-89-None)-(37-56-None)-(66-34-None)-(27-57-None)-(54-29-None)-(47-84-None)-(13-52-None)-(11-58-None)-(69-32-None)-(30-80-None)-(28-83-None)-(33-70-None)-(48-64-None)-(95-2-None)-(26-82-None)],0.0008111000061035156,0.025195837020874023,1,True,0
~?@c????????????????????????????????????????????????????????????????????????????????????????????????????????????????????????????????????????????????????????????????????????????????????????????????????????????EC?G???C?????CAQO?GO?G???o??A_K?O???O??GOW??O??A??AK??OC??p?????H?S?_??@?I?G???O?OA@@??C???O?A??k?????@g?C_???????@??EC_????@G?@CO??@?c?A???_????_??SGA????G_C?OA???A??A?_?g?????Gc?@A????????O?GAo????BO??@_?????O?A__??A????C?CO?B???????G?GG??g???????Aq?G??????a??A?W??????`??C_???_????@????C_K?????A_C??A?G?????_C??@??a????@??ABA????????R?G???@??????@G?OP??????????C?A@?A?G????????@@?O`??????E?O??O?O???????O@B???A???????AW??I?????????G_??AC?G????????O?O_?E???????C??@OC?G?????????_??QO?_??????@CA?_?A?????????A@??@?_G????????S?E??@?????????C?A?O?O?G?????????P_G?C??????????aA??P??????????O?G?A?@A?????????CC?A???Q????????,[(18-78-None)-(87-10-None)-(23-71-None)-(36-68-None)-(49-99-None)-(6-88-None)-(93-4-None)-(21-86-None)-(20-90-None)-(85-3-None)-(60-16-None)-(98-0-None)-(41-67-None)-(46-63-None)-(12-92-None)-(73-8-None)-(38-59-None)-(35-75-None)-(19-94-None)-(40-65-None)-(14-61-None)-(51-43-None)-(7-77-None)-(62-22-None)-(44-50-None)-(91-9-None)-(45-79-None)-(97-31-None)-(25-55-None)-(72-15-None)-(5-76-None)-(39-53-None)-(81-1-None)-(96-17-None)-(24-74-None)-(42-89-None)-(37-56-None)-(66-34-None)-(27-57-None)-(54-29-None)-(47-84-None)-(13-52-None)-(11-58-None)-(69-32-None)-(30-80-None)-(28-83-None)-(33-70-None)-(48-64-None)-(95-2-None)-(26-82-None)],0.0006275177001953125,0.05988907814025879,2,True,0
~?@c????????????????????????????????????????????????????????????????????????????????????????????????????????????????????????????????????????????????????????????????????????????????????????????????????????????H?OA?A???I__????C??L?G?O??BO??O??A?A?A_G??A??@_G??C_B_?C?_?????@?IC??O??????c_`????_OC??@_??A?G?CGO????CAC@G?????OK??C?G?CTC????????C_???@CG???@??D???P??????GW?D????????PD_????a?G@G??????@?Q??@@????C?@?@A?O????S???o?G?????GH?O????_????AE?Q???????C??O?@?C_????O?A?@O?_??????O`_??O??????O?O?@?K?????G??A??Gc?????????kD???????OG???CE??????AH??_C???????A???CA?OO??????O?`?O?A???????I_???a???????b???O??A????????_???GWO??????a???M????????????C@_A@?????????CG_?O@????????CW?@G????????A?AA??O?A??????@???a?@?C????????C?C?Aa??????????a??A?@O????????@CO??OO??????????I??IC?????????CG??AC@?????????A?GC?K???????????G?CO??I?????????,[(86-11-None)-(70-0-None)-(32-98-None)-(34-74-None)-(31-87-None)-(47-77-None)-(94-9-None)-(48-51-None)-(60-10-None)-(61-15-None)-(83-30-None)-(35-69-None)-(18-59-None)-(14-95-None)-(7-53-None)-(33-81-None)-(6-63-None)-(72-2-None)-(23-55-None)-(41-97-None)-(20-57-None)-(19-54-None)-(65-45-None)-(39-96-None)-(75-4-None)-(22-89-None)-(79-27-None)-(29-66-None)-(26-56-None)-(42-80-None)-(17-90-None)-(24-71-None)-(38-67-None)-(16-73-None)-(25-85-None)-(64-3-None)-(62-12-None)-(92-1-None)-(43-99-None)-(88-40-None)-(78-5-None)-(49-91-None)-(28-68-None)-(44-58-None)-(76-13-None)-(36-93-None)-(21-50-None)-(84-8-None)-(46-82-None)-(37-52-None)],0.0005996227264404297,0.03655672073364258,1,True,0
~?@c????????????????????????????????????????????????????????????????????????????????????????????????????????????????????????????????????????????????????????????????????????????????????????????????????????????H?OA?A???I__????C??L?G?O??BO??O??A?A?A_G??A??@_G??C_B_?C?_?????@?IC??O??????c_`????_OC??@_??A?G?CGO????CAC@G?????OK??C?G?CTC????????C_???@CG???@??D???P??????GW?D????????PD_????a?G@G??????@?Q??@@????C?@?@A?O????S???o?G?????GH?O????_????AE?Q???????C??O?@?C_????O?A?@O?_??????O`_??O??????O?O?@?K?????G??A??Gc?????????kD???????OG???CE??????AH??_C???????A???CA?OO??????O?`?O?A???????I_???a???????b???O??A????????_???GWO??????a???M????????????C@_A@?????????CG_?O@????????CW?@G????????A?AA??O?A??????@???a?@?C????????C?C?Aa??????????a??A?@O????????@CO??OO??????????I??IC?????????CG??AC@?????????A?GC?K???????????G?CO??I?????????,[(86-11-None)-(70-0-None)-(32-98-None)-(34-74-None)-(31-87-None)-(47-77-None)-(94-9-None)-(48-51-None)-(60-10-None)-(61-15-None)-(83-30-None)-(35-69-None)-(18-59-None)-(14-95-None)-(7-53-None)-(33-81-None)-(6-63-None)-(72-2-None)-(23-55-None)-(41-97-None)-(20-57-None)-(19-54-None)-(65-45-None)-(39-96-None)-(75-4-None)-(22-89-None)-(79-27-None)-(29-66-None)-(26-56-None)-(42-80-None)-(17-90-None)-(24-71-None)-(38-67-None)-(16-73-None)-(25-85-None)-(64-3-None)-(62-12-None)-(92-1-None)-(43-99-None)-(88-40-None)-(78-5-None)-(49-91-None)-(28-68-None)-(44-58-None)-(76-13-None)-(36-93-None)-(21-50-None)-(84-8-None)-(46-82-None)-(37-52-None)],0.0007038116455078125,0.035558223724365234,1,True,0
